projectors	projectors-tv-accessories
headphones	headphones-earbuds
bluetooth speakers	speakers-home-audio
headsets	headsets-conferencing
outdoor speakers	speakers-home-audio
car speakers	car-electronics-tools
car subwoofers	car-electronics-tools
ceiling speakers	speakers-home-audio
dvd players	projectors-tv-accessories
earbuds	headphones-earbuds
marine speakers	speakers-home-audio
pa speakers	speakers-home-audio
soundbars	speakers-home-audio
speaker wire	speakers-home-audio
hifi systems	speakers-home-audio
in-ceiling speakers	speakers-home-audio
patio speakers	speakers-home-audio
portable dvd players	projectors-tv-accessories
power amplifiers	speakers-home-audio
speaker selectors	speakers-home-audio
studio headphones	headphones-earbuds
subwoofer enclosures	car-electronics-tools
table radios	speakers-home-audio
turntables	speakers-home-audio
tv headphones	headphones-earbuds
tv mounts	projectors-tv-accessories
video walls	projectors-tv-accessories
wireless headphones	headphones-earbuds
replacement parts	auto-parts
seat covers	seat-covers-floor-mats
car seat covers	seat-covers-floor-mats
floor mats	seat-covers-floor-mats
catalytic converters	auto-parts
car stereos	car-electronics-tools
shocks	auto-parts
wheel adapters	auto-parts
wheel spacers	auto-parts
performance parts	auto-parts
trailer hitches	exterior-truck-accessories
roof racks	bike-roof-racks
cargo liners	seat-covers-floor-mats
lift kits	auto-parts
motorcycle helmets	motorcycle-gear
specialty tools	tools-ladders
truck bed mats	seat-covers-floor-mats
brake kits	auto-parts
carplay adapters	car-electronics-tools
fender flares	exterior-truck-accessories
headlights	auto-parts
hood protectors	exterior-truck-accessories
nerf bars	exterior-truck-accessories
power inverters	car-electronics-tools
roof rack parts	bike-roof-racks
running boards	exterior-truck-accessories
shock absorbers	auto-parts
suspension kits	auto-parts
thermostats	smart-home-security
tonneau covers	exterior-truck-accessories
truck tool boxes	exterior-truck-accessories
vehicle tops	exterior-truck-accessories
alternators	auto-parts
backup cameras	car-electronics-tools
car accessories	exterior-truck-accessories
car bras	exterior-truck-accessories
cooling fans	auto-parts
headlight assemblies	auto-parts
hoses	auto-parts
jeep doors	exterior-truck-accessories
light bars	auto-parts
motorcycle parts	motorcycle-gear
rv skylights	auto-parts
rv thermostats	auto-parts
snow chains	car-electronics-tools
spoilers	exterior-truck-accessories
tail lights	auto-parts
tire chains	car-electronics-tools
tire inflators	car-electronics-tools
truck accessories	exterior-truck-accessories
vehicle wraps	exterior-truck-accessories
ac compressors	auto-parts
air horns	car-electronics-tools
backup alarms	car-electronics-tools
bull bars	exterior-truck-accessories
bumper accessories	exterior-truck-accessories
car covers	exterior-truck-accessories
car floor mats	seat-covers-floor-mats
carplay screens	car-electronics-tools
dash cams	car-electronics-tools
diesel exhaust fluid	auto-parts
door edge guards	exterior-truck-accessories
door sill protectors	seat-covers-floor-mats
drive shafts	auto-parts
driving lights	auto-parts
ev chargers	car-electronics-tools
fluid coolers	auto-parts
gear oil	auto-parts
golf cart accessories	auto-parts
gps navigation	car-electronics-tools
grease pumps	industrial-equipment
grilles	exterior-truck-accessories
headlight kits	auto-parts
headrest monitors	car-electronics-tools
hitch accessories	exterior-truck-accessories
hitch ball mounts	exterior-truck-accessories
ignition coils	auto-parts
ignition kits	auto-parts
interior trim	auto-parts
jeep accessories	exterior-truck-accessories
jeep covers	exterior-truck-accessories
jeep parts	exterior-truck-accessories
jeep soft tops	exterior-truck-accessories
ladder racks	bike-roof-racks
license plate mounts	exterior-truck-accessories
liftgate struts	auto-parts
lug nuts	auto-parts
manifold gauge hoses	electrical-ventilation
motorcycle stands	motorcycle-gear
mud flaps	exterior-truck-accessories
mud guards	exterior-truck-accessories
oil coolers	auto-parts
parking sensors	car-electronics-tools
portable car washers	car-electronics-tools
radio install kits	car-electronics-tools
recovery machines	electrical-ventilation
rivet nut tools	tools-ladders
roof cargo baskets	bike-roof-racks
roof rack adapters	bike-roof-racks
rv awning fabric	auto-parts
rv covers	auto-parts
rv hoses	auto-parts
rv parts	auto-parts
rv power converters	auto-parts
rv power panels	auto-parts
searchlights	boat-marine
speedometer calibrators	auto-parts
steering knuckles	auto-parts
steering wheels	auto-parts
sunshades	exterior-truck-accessories
taillights	auto-parts
tie down straps	exterior-truck-accessories
trailer hardware	exterior-truck-accessories
trailer jacks	exterior-truck-accessories
trailer tool boxes	exterior-truck-accessories
transmission coolers	auto-parts
trim kits	auto-parts
truck bed tents	camping-gear
utv accessories	auto-parts
van steps	exterior-truck-accessories
vent visors	exterior-truck-accessories
shower seats	bath-accessories
privacy screens	patio-umbrellas-shade
saunas	saunas-wellness
shower benches	bath-accessories
earplugs	industrial-equipment
hair stylers	hair-beauty-tools
mobility accessories	mobility-aids
bed rails	mobility-aids
bedside commodes	mobility-aids
bubble bath mats	saunas-wellness
colognes	hair-beauty-tools
commodes	mobility-aids
cosmetic jars	hair-beauty-tools
flat irons	hair-beauty-tools
hair trimmers	hair-beauty-tools
light therapy lamps	saunas-wellness
makeup mirrors	mirrors
medical equipment	mobility-aids
neck traction	saunas-wellness
portable saunas	saunas-wellness
steam saunas	saunas-wellness
walkers	mobility-aids
bathroom faucets	bathroom-faucets-showers
kitchen faucets	kitchen-faucets
shower trim kits	bathroom-faucets-showers
kitchen sinks	kitchen-sinks
shower heads	bathroom-faucets-showers
appliance pulls	door-cabinet-hardware
grab bars	bath-accessories
recessed lights	ceiling-lights
tub faucets	bathroom-faucets-showers
bathroom sinks	bathroom-sinks-vanities
shower systems	bathroom-faucets-showers
bar faucets	kitchen-faucets
handheld showers	bathroom-faucets-showers
shower drains	plumbing-parts-pumps
industrial parts	industrial-equipment
shower faucet sets	bathroom-faucets-showers
shower trim	bathroom-faucets-showers
tub spouts	bathroom-faucets-showers
door knobs	door-cabinet-hardware
exterior shutters	shutters-doors
gable vents	electrical-ventilation
shower arms	bathroom-faucets-showers
shower faucets	bathroom-faucets-showers
commercial faucets	kitchen-faucets
beverage faucets	kitchen-faucets
ceiling medallions	millwork-trim
door locks	door-cabinet-hardware
faux beams	millwork-trim
high bay lights	shop-commercial-lighting
padlocks	tool-accessories-fasteners
shower valve trims	bathroom-faucets-showers
sump pumps	plumbing-parts-pumps
towel bars	bath-accessories
tub fillers	bathroom-faucets-showers
wall panels	flooring-wall-panels
bar sinks	kitchen-sinks
bathroom vanities	bathroom-sinks-vanities
corbels	millwork-trim
plumbing fittings	plumbing-parts-pumps
shower valves	bathroom-faucets-showers
shutters	shutters-doors
valve trims	bathroom-faucets-showers
vessel sinks	bathroom-sinks-vanities
wall tile	flooring-wall-panels
well pumps	plumbing-parts-pumps
cabinet handles	door-cabinet-hardware
ceiling tiles	flooring-wall-panels
commercial lighting	shop-commercial-lighting
door closers	door-cabinet-hardware
drawer pulls	door-cabinet-hardware
electrical boxes	electrical-ventilation
faucet trim	bathroom-faucets-showers
flat panel lights	ceiling-lights
flush valves	plumbing-parts-pumps
hand showers	bathroom-faucets-showers
industrial valves	industrial-equipment
led bulbs	shop-commercial-lighting
parking lot lights	shop-commercial-lighting
shower niches	bath-accessories
soap dispensers	bath-accessories
abrasive pads	tool-accessories-fasteners
air drills	tools-ladders
architectural millwork	millwork-trim
bathtub faucets	bathroom-faucets-showers
bathtubs	bathroom-sinks-vanities
body sprays	bathroom-faucets-showers
bollard lights	outdoor-lighting
cabinet pulls	door-cabinet-hardware
cordless vacuums	vacuums-mops
door handles	door-cabinet-hardware
door handlesets	door-cabinet-hardware
drain trim	plumbing-parts-pumps
electric motors	industrial-equipment
exhaust fans	electrical-ventilation
fasteners	tool-accessories-fasteners
flood barriers	plumbing-parts-pumps
floor boxes	electrical-ventilation
floor heating mats	flooring-wall-panels
garage shelving	tools-ladders
grinding discs	tool-accessories-fasteners
handheld showerheads	bathroom-faucets-showers
hydraulic cylinders	industrial-equipment
industrial cutters	industrial-equipment
industrial tools	industrial-equipment
knee braces	millwork-trim
ladders	tools-ladders
led lights	shop-commercial-lighting
led tubes	shop-commercial-lighting
levels	tools-ladders
outdoor showers	bathroom-faucets-showers
plumbing parts	plumbing-parts-pumps
plumbing valves	plumbing-parts-pumps
pot fillers	kitchen-faucets
power strips	cables-power
rain showerheads	bathroom-faucets-showers
rosin paper	flooring-wall-panels
safety switches	electrical-ventilation
shop vacuums	vacuums-mops
shower bars	bathroom-faucets-showers
showerheads	bathroom-faucets-showers
shower shelves	bath-accessories
shower slide bars	bathroom-faucets-showers
solar street lights	outdoor-lighting
spray valves	plumbing-parts-pumps
toilet paper holders	bath-accessories
tool accessories	tool-accessories-fasteners
towel racks	bath-accessories
tub and shower faucets	bathroom-faucets-showers
tub drains	plumbing-parts-pumps
vanity cabinets	bathroom-sinks-vanities
vent covers	electrical-ventilation
water dispensers	kitchen-faucets
window shutters	shutters-doors
abrasive wheels	tool-accessories-fasteners
access panels	millwork-trim
air diffusers	electrical-ventilation
air sanders	tools-ladders
air tools	tools-ladders
anemometers	tools-ladders
architectural trim	millwork-trim
barn door hardware	door-cabinet-hardware
baseboard covers	millwork-trim
bath faucet trims	bathroom-faucets-showers
bathroom exhaust fans	electrical-ventilation
bathroom hardware	bath-accessories
bath spouts	bathroom-faucets-showers
bidet faucets	bathroom-faucets-showers
block and tackle	tools-ladders
board and batten	millwork-trim
cabinet hardware	door-cabinet-hardware
cable pullers	tools-ladders
canopy lights	shop-commercial-lighting
carpet tiles	flooring-wall-panels
casters	tool-accessories-fasteners
caster wheels	tool-accessories-fasteners
caulking guns	tools-ladders
cedar brackets	millwork-trim
circuit breakers	electrical-ventilation
commercial exit devices	door-cabinet-hardware
compressor oil	tool-accessories-fasteners
condensate pumps	plumbing-parts-pumps
console sinks	bathroom-sinks-vanities
coolant pumps	plumbing-parts-pumps
cord reels	electrical-ventilation
core bits	tool-accessories-fasteners
countertop brackets	millwork-trim
crown molding	millwork-trim
deck railings	lawn-garden-tools
decorative brackets	millwork-trim
disposal accessories	plumbing-parts-pumps
door crossheads	millwork-trim
door hardware	door-cabinet-hardware
door hinges	door-cabinet-hardware
door levers	door-cabinet-hardware
door pulls	door-cabinet-hardware
door seals	door-cabinet-hardware
door stoppers	door-cabinet-hardware
door trim	millwork-trim
downlights	ceiling-lights
drain kits	plumbing-parts-pumps
drawer slides	door-cabinet-hardware
drill bits	tool-accessories-fasteners
electrical enclosures	electrical-ventilation
electrical supports	plumbing-parts-pumps
electrical switches	electrical-ventilation
electrical wire	electrical-ventilation
emergency lighting	shop-commercial-lighting
emergency lights	shop-commercial-lighting
exit signs	shop-commercial-lighting
faucet parts	plumbing-parts-pumps
faucet trim kits	bathroom-faucets-showers
faucet trims	bathroom-faucets-showers
fence hardware	tool-accessories-fasteners
fiber testers	tools-ladders
filter housings	filters-appliance-parts
fire hoses	industrial-equipment
flashlights	shop-commercial-lighting
floor heating	flooring-wall-panels
floor heating kits	flooring-wall-panels
flooring mats	industrial-equipment
flooring staples	flooring-wall-panels
floor registers	electrical-ventilation
floor vents	electrical-ventilation
framing nailers	tools-ladders
gable brackets	millwork-trim
garage door springs	shutters-doors
glass clamps	tool-accessories-fasteners
grease traps	commercial-kitchen
grinding wheels	tool-accessories-fasteners
handrails	lawn-garden-tools
handshowers	bathroom-faucets-showers
heat cables	flooring-wall-panels
heat exchangers	electrical-ventilation
hinge drilling machines	tools-ladders
hvac grilles	electrical-ventilation
hydraulic jacks	industrial-equipment
hydraulic valves	industrial-equipment
impact sockets	tools-ladders
impact wrenches	tools-ladders
industrial fixtures	industrial-equipment
industrial mats	industrial-equipment
industrial pumps	industrial-equipment
industrial racks	tools-ladders
industrial shelving	tools-ladders
insulation	industrial-equipment
interior doors	shutters-doors
junction boxes	electrical-ventilation
landscape transformers	outdoor-lighting
laundry sinks	kitchen-sinks
leak detectors	plumbing-parts-pumps
leak diverters	plumbing-parts-pumps
led panel lights	ceiling-lights
led shop lights	shop-commercial-lighting
line marking machines	tools-ladders
load centers	electrical-ventilation
magnet wire	electrical-ventilation
mini split line sets	electrical-ventilation
mosaic tile	flooring-wall-panels
outlets	electrical-ventilation
paint sprayers	tools-ladders
pergola brackets	tool-accessories-fasteners
pipe fittings	plumbing-parts-pumps
plumbing pipe	plumbing-parts-pumps
pocket doors	shutters-doors
polycarbonate sheets	industrial-equipment
post anchors	tool-accessories-fasteners
post bases	tool-accessories-fasteners
pry bars	tools-ladders
p-traps	plumbing-parts-pumps
radon fans	electrical-ventilation
rafter clips	tool-accessories-fasteners
recessed lighting kits	ceiling-lights
replacement blades	tool-accessories-fasteners
return air grilles	electrical-ventilation
robe hooks	bath-accessories
roller stands	industrial-equipment
router bits	tool-accessories-fasteners
safety equipment	industrial-equipment
safety sensors	industrial-equipment
sander attachments	tool-accessories-fasteners
sanding sheets	tool-accessories-fasteners
saw blades	tool-accessories-fasteners
security gates	shutters-doors
sediment filters	filters-appliance-parts
service sink faucets	kitchen-faucets
shop lights	shop-commercial-lighting
shop presses	industrial-equipment
shower accessories	bath-accessories
shower doors	bathroom-sinks-vanities
shower fittings	bathroom-faucets-showers
shower hoses	bathroom-faucets-showers
shower kits	bathroom-faucets-showers
shower panels	bathroom-faucets-showers
shower pans	bathroom-sinks-vanities
shower slidebars	bathroom-faucets-showers
shower trims	bathroom-faucets-showers
signal bells	industrial-equipment
sink accessories	kitchen-sinks
sink drains	plumbing-parts-pumps
sink strainers	plumbing-parts-pumps
sink trim kits	kitchen-sinks
smoke detectors	electrical-ventilation
soap dishes	bath-accessories
sockets	tools-ladders
specialty paint	industrial-equipment
spray gun liners	tool-accessories-fasteners
stage light bulbs	pro-audio-dj
stone grinding wheels	tool-accessories-fasteners
stone installation tools	tools-ladders
stop valves	plumbing-parts-pumps
strip curtains	shutters-doors
supply lines	plumbing-parts-pumps
supply stops	plumbing-parts-pumps
table legs	tool-accessories-fasteners
tarps	industrial-equipment
tile trim	flooring-wall-panels
timber beams	millwork-trim
tool sets	tools-ladders
torque testers	tools-ladders
towel arms	bath-accessories
towel rails	bath-accessories
towel rings	bath-accessories
towel shelves	bath-accessories
transformers	electrical-ventilation
tub and shower trims	bathroom-faucets-showers
tub drain trim	plumbing-parts-pumps
tub trim kits	bathroom-faucets-showers
utility mats	industrial-equipment
utility pumps	plumbing-parts-pumps
utility sinks	kitchen-sinks
vent pipes	electrical-ventilation
vessel faucets	bathroom-faucets-showers
vinyl flooring	flooring-wall-panels
wall base	millwork-trim
wall niches	millwork-trim
wall pack lights	shop-commercial-lighting
water dispenser faucets	kitchen-faucets
water filter faucets	kitchen-faucets
water heaters	plumbing-parts-pumps
welding rods	tool-accessories-fasteners
window grills	shutters-doors
wire strippers	tools-ladders
wood brackets	millwork-trim
work lights	shop-commercial-lighting
wraparound lights	shop-commercial-lighting
dresses	dresses
jeans	jeans
running shoes	sneakers-running-shoes
sneakers	sneakers-running-shoes
evening gowns	evening-formal-dresses
watches	watches
work shoes	boots
loafers	dress-shoes-heels
sandals	sandals-flats
work boots	boots
formal dresses	evening-formal-dresses
boots	boots
pumps	dress-shoes-heels
walking shoes	sneakers-running-shoes
dress shoes	dress-shoes-heels
pants	pants-shorts
jackets	jackets-coats
gowns	evening-formal-dresses
heeled sandals	sandals-flats
heels	dress-shoes-heels
trail running shoes	sneakers-running-shoes
ankle boots	boots
coats	jackets-coats
flats	sandals-flats
varsity jackets	jackets-coats
golf shoes	sport-shoes
sunglasses	handbags-sunglasses
wedge sandals	sandals-flats
maxi dresses	dresses
puffer jackets	jackets-coats
ski pants	ski-snowboard-gear
sports hoodies	tops-sweaters
blouses	tops-sweaters
boat shoes	dress-shoes-heels
comfort shoes	sneakers-running-shoes
hiking shoes	boots
hoodies	tops-sweaters
suit separates	suits-blazers
tactical boots	boots
training shoes	sport-shoes
western boots	boots
backpacks	backpacks-bags
ballet flats	sandals-flats
casual shoes	sneakers-running-shoes
cycling shoes	sport-shoes
evening dresses	evening-formal-dresses
jumpsuits	dresses
leggings	pants-shorts
motorcycle boots	motorcycle-gear
motorcycle vests	motorcycle-gear
necklaces	jewelry
peacoats	jackets-coats
ski suits	ski-snowboard-gear
slippers	sandals-flats
sweatshirts	tops-sweaters
tennis shoes	sport-shoes
tops	tops-sweaters
tote bags	handbags-sunglasses
t-shirts	tops-sweaters
vests	jackets-coats
wedding bands	rings
women's sandals	sandals-flats
womens shoes	sneakers-running-shoes
work overalls	workwear
work pants	workwear
ballroom shoes	sport-shoes
belts	handbags-sunglasses
blazers	suits-blazers
bomber jackets	jackets-coats
booties	boots
bracelets	jewelry
cardigans	tops-sweaters
charm bracelets	jewelry
chinos	pants-shorts
clogs	sneakers-running-shoes
cocktail dresses	dresses
coveralls	workwear
crystal jewelry	jewelry
dance shoes	sport-shoes
denim dresses	dresses
earrings	jewelry
espadrilles	sandals-flats
evening outfits	evening-formal-dresses
eyeglass frames	handbags-sunglasses
fleece jackets	jackets-coats
golf sneakers	sport-shoes
handbags	handbags-sunglasses
heeled loafers	dress-shoes-heels
hiking boots	boots
kids running shoes	sneakers-running-shoes
kids ski gloves	ski-snowboard-gear
kids sneakers	sneakers-running-shoes
knee-high boots	boots
lacrosse shoes	sport-shoes
loose moissanite	rings
messenger bags	handbags-sunglasses
motorcycle apparel	motorcycle-gear
motorcycle jackets	motorcycle-gear
motorcycle shirts	motorcycle-gear
orthopedic shoes	sneakers-running-shoes
oxfords	dress-shoes-heels
oxford shoes	dress-shoes-heels
pant suits	evening-formal-dresses
parkas	jackets-coats
pearl necklaces	jewelry
puffer coats	jackets-coats
riding boots	boots
safety shoes	boots
shirt dresses	dresses
shoes	sneakers-running-shoes
shorts	pants-shorts
silver rings	rings
slide sandals	sandals-flats
slingback heels	dress-shoes-heels
slip-on shoes	sneakers-running-shoes
snow boots	boots
snow suits	ski-snowboard-gear
soccer cleats	sport-shoes
sport sandals	sandals-flats
suit jackets	suits-blazers
suit pants	suits-blazers
sweaters	tops-sweaters
swimwear	tops-sweaters
tennis sneakers	sneakers-running-shoes
track jackets	jackets-coats
trail shoes	sneakers-running-shoes
watch bands	watches
waterproof boots	boots
water sandals	sandals-flats
women's flats	sandals-flats
women's mules	dress-shoes-heels
women's pants	pants-shorts
women's pumps	dress-shoes-heels
women's tops	tops-sweaters
work coveralls	workwear
work jackets	workwear
work jeans	workwear
zip sweaters	tops-sweaters
inline skates	skates
baseball bats	baseball-softball
bike racks	bike-roof-racks
gymnastics mats	home-gym-equipment
ice skates	skates
golf bags	golf
golf clubs	golf
golf drivers	golf
pickleball paddles	pickleball-tennis
roller skates	skates
shoulder pads	team-sports-gear
snowboard boots	ski-snowboard-gear
softball gloves	baseball-softball
bike lights	bikes-scooters
diving fins	water-sports
diving masks	water-sports
golf wedges	golf
rack accessories	bike-roof-racks
snow goggles	ski-snowboard-gear
snow helmets	ski-snowboard-gear
snow pants	ski-snowboard-gear
swim fins	water-sports
treadmills	home-gym-equipment
walking pads	home-gym-equipment
airsoft parts	hunting-fishing-optics
ball carts	baseball-softball
barbells	home-gym-equipment
baseball bases	baseball-softball
baseball gear	baseball-softball
bike carriers	bike-roof-racks
boxing gloves	home-gym-equipment
boxing mitts	home-gym-equipment
boxing shoes	sport-shoes
catcher's mitts	baseball-softball
championship belts	team-sports-gear
collectible helmets	team-sports-gear
court flooring	home-gym-equipment
court organizers	pickleball-tennis
cycling shorts	bikes-scooters
dance flooring	home-gym-equipment
dumbbells	home-gym-equipment
electric scooters	bikes-scooters
ellipticals	home-gym-equipment
equipment bags	baseball-softball
equipment racks	team-sports-gear
foam tiles	home-gym-equipment
golf cart parts	auto-parts
golf club sets	golf
golf hitting mats	golf
golf irons	golf
golf nets	golf
golf putters	golf
gun cases	hunting-fishing-optics
heated gloves	ski-snowboard-gear
hockey goals	team-sports-gear
home gyms	home-gym-equipment
horse saddles	hunting-fishing-optics
kayak racks	bike-roof-racks
lacrosse pads	team-sports-gear
life vests	water-sports
lifting belts	home-gym-equipment
motocross helmets	motorcycle-gear
padel shoes	sport-shoes
pickleball bags	pickleball-tennis
pickleball nets	pickleball-tennis
pool cue shafts	team-sports-gear
rack adapters	bike-roof-racks
replacement lenses	ski-snowboard-gear
riding chaps	hunting-fishing-optics
scooter parts	bikes-scooters
scuba bcds	water-sports
skate helmets	skates
skis	ski-snowboard-gear
ski skins	ski-snowboard-gear
soccer goals	team-sports-gear
softball bats	baseball-softball
softball gear	baseball-softball
stadium chairs	camping-gear
table throws	dinnerware-table-linens
tennis strings	pickleball-tennis
tumble mats	home-gym-equipment
under desk ellipticals	home-gym-equipment
vibration plates	home-gym-equipment
wakeboards	water-sports
weight benches	home-gym-equipment
weight plates	home-gym-equipment
workout bars	home-gym-equipment
yoga storage racks	home-gym-equipment
gaming mice	gaming-gear
gaming headsets	gaming-gear
gaming keyboards	gaming-gear
ds games	gaming-gear
gaming desks	gaming-gear
mechanical keyboards	gaming-gear
racing mounts	gaming-gear
racing wheels	gaming-gear
robot vacuums	robot-vacuums
range hoods	range-hoods
portable air conditioners	heating-cooling
evaporative coolers	heating-cooling
electric fireplaces	heating-cooling
replacement filters	filters-appliance-parts
space heaters	heating-cooling
water filters	filters-appliance-parts
air filters	filters-appliance-parts
air purifiers	air-purifiers-humidifiers
dehumidifiers	air-purifiers-humidifiers
bath fans	electrical-ventilation
central vacuum parts	filters-appliance-parts
humidifiers	air-purifiers-humidifiers
laundry countertops	laundry
misting fans	heating-cooling
outdoor fans	ceiling-fans
replacement batteries	filters-appliance-parts
wet dry vacuums	vacuums-mops
air scrubbers	air-purifiers-humidifiers
bathroom fans	electrical-ventilation
canister vacuums	vacuums-mops
central vacuum kits	vacuums-mops
central vacuums	vacuums-mops
garment steamers	laundry
laundry accessories	laundry
portable washers	laundry
steam mops	vacuums-mops
stick vacuums	vacuums-mops
vacuum accessories	filters-appliance-parts
vacuum batteries	filters-appliance-parts
wall fans	heating-cooling
wall heaters	heating-cooling
water coolers	ice-makers-mini-fridges
wall art	wall-art
chandeliers	chandeliers-pendants
vanity lights	wall-vanity-lights
pendant lights	chandeliers-pendants
ceiling fans	ceiling-fans
area rugs	rugs
wall sconces	wall-vanity-lights
wall mirrors	mirrors
dining chairs	dining-chairs-tables
comforter sets	bedding
table lamps	lamps
outdoor lights	outdoor-lighting
side tables	coffee-side-tables
bar stools	bar-counter-stools
accent chairs	sofas-accent-chairs
outdoor wall lights	outdoor-lighting
bathroom mirrors	mirrors
counter stools	bar-counter-stools
ceiling lights	ceiling-lights
tablecloths	dinnerware-table-linens
runner rugs	rugs
christmas trees	holiday-party-decor
lamp shades	lamps
barstools	bar-counter-stools
nightstands	beds-mattresses
towel warmers	bath-accessories
artificial plants	artificial-plants
bed frames	beds-mattresses
coffee tables	coffee-side-tables
floor lamps	lamps
folding chairs	classroom-event-furniture
mattress toppers	beds-mattresses
track lighting	ceiling-lights
curtains	curtains-blinds
end tables	coffee-side-tables
flush mount lights	ceiling-lights
led mirrors	mirrors
medicine cabinets	mirrors
picture frames	decor-accents
wall clocks	decor-accents
window shades	curtains-blinds
comforters	bedding
curtain rods	curtains-blinds
figurines	decor-accents
led strip lights	lamps
quilt sets	bedding
room dividers	storage-shelving
sheet sets	bedding
sofa covers	sofas-accent-chairs
vanity mirrors	mirrors
accent tables	coffee-side-tables
artificial trees	artificial-plants
barn lights	outdoor-lighting
bunkie boards	beds-mattresses
cabinet organizers	storage-shelving
canvas art	wall-art
chair cushions	sofas-accent-chairs
console tables	coffee-side-tables
door mats	rugs
down comforters	bedding
floor mirrors	mirrors
party decorations	holiday-party-decor
pedestal tables	dining-chairs-tables
post lights	outdoor-lighting
sideboards	storage-shelving
sofas	sofas-accent-chairs
storage benches	sofas-accent-chairs
storage cabinets	storage-shelving
umbrella stands	decor-accents
wall decor	wall-art
wall lanterns	outdoor-lighting
wall lights	outdoor-lighting
wall murals	wall-art
wallpaper	flooring-wall-panels
wall shelves	storage-shelving
accent rugs	rugs
air mattresses	beds-mattresses
artificial hedge panels	artificial-plants
artificial topiary	artificial-plants
bar carts	storage-shelving
bar tables	dining-chairs-tables
bathroom lights	wall-vanity-lights
bathroom sets	bath-accessories
bedding sets	bedding
benches	sofas-accent-chairs
blankets	bedding
bookshelves	storage-shelving
chair valets	office-furniture
classroom rugs	rugs
clothes hangers	storage-shelving
coat racks	storage-shelving
concealment shelves	storage-shelving
craft moss	decor-accents
craft tables	office-furniture
desk lamps	lamps
dining sets	dining-chairs-tables
dining tables	dining-chairs-tables
display stands	decor-accents
drink tables	coffee-side-tables
duvet covers	bedding
faux topiary	artificial-plants
floating shelves	storage-shelving
folding tables	classroom-event-furniture
furniture hutches	storage-shelving
garment racks	storage-shelving
headboards	beds-mattresses
heated blankets	bedding
kitchen cabinets	storage-shelving
kitchen carts	storage-shelving
laundry toppers	laundry
lighting parts	electrical-ventilation
log carriers	decor-accents
mattress pads	beds-mattresses
mirror frames	mirrors
nativity sets	decor-accents
neon signs	shop-commercial-lighting
office desks	office-furniture
ottomans	sofas-accent-chairs
outdoor pendant lights	outdoor-lighting
outdoor wall lanterns	outdoor-lighting
photo frames	decor-accents
pillows	bedding
platform beds	beds-mattresses
poster frames	decor-accents
preserved roses	decor-accents
quilt racks	storage-shelving
quilts	bedding
recliners	sofas-accent-chairs
reed diffusers	decor-accents
religious statues	decor-accents
rocking chairs	sofas-accent-chairs
rope lights	lamps
rug pads	rugs
semi-flush lights	ceiling-lights
shower curtain rods	bath-accessories
silk pillowcases	bedding
smart blinds	curtains-blinds
smart shades	curtains-blinds
storage trunks	storage-shelving
tv stands	storage-shelving
undercabinet lights	lamps
vases	decor-accents
wall lamps	wall-vanity-lights
wall organizers	storage-shelving
wall signs	wall-art
waste containers	trash-recycling-bins
wedding decor	holiday-party-decor
weighted blankets	bedding
window blinds	curtains-blinds
wine racks	storage-shelving
espresso machines	espresso-coffee-makers
ice makers	ice-makers-mini-fridges
trash cans	trash-recycling-bins
coffee urns	commercial-kitchen
air fryers	air-fryers-ovens
cookware sets	cookware-knives
dinnerware sets	dinnerware-table-linens
blenders	small-kitchen-appliances
dinner plates	dinnerware-table-linens
dutch ovens	cookware-knives
frying pans	cookware-knives
hot water dispensers	kitchen-faucets
restaurant supplies	commercial-kitchen
chafing dishes	commercial-kitchen
coffee makers	espresso-coffee-makers
cutting boards	cookware-knives
flatware sets	dinnerware-table-linens
frying pan sets	cookware-knives
mini fridges	ice-makers-mini-fridges
rice cookers	small-kitchen-appliances
slow juicers	small-kitchen-appliances
stock pots	cookware-knives
toaster ovens	air-fryers-ovens
air fryer ovens	air-fryers-ovens
airpots	commercial-kitchen
bakeware sets	cookware-knives
beverage dispensers	commercial-kitchen
bread makers	small-kitchen-appliances
brewery hoses	commercial-kitchen
cake domes	dinnerware-table-linens
cake stands	dinnerware-table-linens
carving forks	cookware-knives
champagne buckets	commercial-kitchen
cocktail picks	bulk-packing-supplies
coffee brewers	espresso-coffee-makers
coffee grinders	espresso-coffee-makers
coffee pots	espresso-coffee-makers
colanders	kitchen-sinks
commercial fixtures	commercial-kitchen
commercial fryers	commercial-kitchen
commercial grills	commercial-kitchen
commercial rice cookers	commercial-kitchen
commercial sinks	commercial-kitchen
commercial warmers	commercial-kitchen
compostable bags	bulk-packing-supplies
cookware	cookware-knives
crates	commercial-kitchen
drink dispensers	commercial-kitchen
electric grills	small-kitchen-appliances
espresso cups	dinnerware-table-linens
farmhouse sinks	kitchen-sinks
flatware	dinnerware-table-linens
foil pans	bulk-packing-supplies
food dehydrators	small-kitchen-appliances
food trays	commercial-kitchen
food warming mats	commercial-kitchen
gas cooktops	small-kitchen-appliances
hot dog rollers	commercial-kitchen
ice molds	ice-makers-mini-fridges
immersion blenders	small-kitchen-appliances
induction cooktops	small-kitchen-appliances
kitchen composters	small-kitchen-appliances
knife sets	cookware-knives
lunch boxes	small-kitchen-appliances
meat thermometers	cookware-knives
microwaves	air-fryers-ovens
milk frothers	espresso-coffee-makers
paper napkins	bulk-packing-supplies
pasta tongs	commercial-kitchen
peelers	cookware-knives
pizza accessories	commercial-kitchen
pizza peels	commercial-kitchen
serving trays	dinnerware-table-linens
sink racks	kitchen-sinks
skillet sets	cookware-knives
slushie machines	small-kitchen-appliances
slush machines	small-kitchen-appliances
sneeze guards	commercial-kitchen
steak knives	cookware-knives
stockpots	cookware-knives
tea kettles	cookware-knives
toaster oven air fryers	air-fryers-ovens
toasters	air-fryers-ovens
vacuum sealer bags	cookware-knives
water bottles	dinnerware-table-linens
wine coolers	ice-makers-mini-fridges
wine glasses	dinnerware-table-linens
woks	cookware-knives
stage lights	pro-audio-dj
dj cases	pro-audio-dj
djembes	musical-instruments
drum kits	musical-instruments
harmonicas	musical-instruments
instrument cases	musical-instruments
acoustic guitars	musical-instruments
audio cables	pro-audio-dj
audio interfaces	pro-audio-dj
audio snake cables	pro-audio-dj
audio splitters	pro-audio-dj
cable testers	tools-ladders
cello strings	musical-instruments
confetti machines	holiday-party-decor
cymbals	musical-instruments
dmx dimmers	pro-audio-dj
drums	musical-instruments
drum thrones	musical-instruments
electric guitars	musical-instruments
flutes	musical-instruments
frame drums	musical-instruments
guitar amps	musical-instruments
intercom headsets	pro-audio-dj
karaoke machines	pro-audio-dj
keyboard cases	musical-instruments
microphones	pro-audio-dj
mixer amplifiers	pro-audio-dj
music stand carts	musical-instruments
party supplies	holiday-party-decor
pedalboard power supplies	musical-instruments
power conditioners	pro-audio-dj
recording bundles	pro-audio-dj
speaker accessories	pro-audio-dj
studio monitors	pro-audio-dj
travel guitars	musical-instruments
ukuleles	musical-instruments
violins	musical-instruments
wireless mic systems	pro-audio-dj
toner cartridges	toner-ink
ink cartridges	toner-ink
office chairs	office-furniture
printer parts	toner-ink
fountain pens	office-supplies-books
label printers	printers-scanners
bulletin boards	whiteboards-signs
classroom chairs	classroom-event-furniture
classroom furniture	classroom-event-furniture
classroom tables	classroom-event-furniture
desk pads	office-furniture
labels	office-supplies-books
packing tape	bulk-packing-supplies
stack chairs	classroom-event-furniture
whiteboards	whiteboards-signs
barcode scanners	printers-scanners
document scanners	printers-scanners
laser printers	printers-scanners
receipt printers	printers-scanners
textbooks	office-supplies-books
time clocks	office-supplies-books
ball chairs	office-furniture
banners	whiteboards-signs
banquet chairs	classroom-event-furniture
binding machines	office-supplies-books
binding strips	office-supplies-books
book sets	office-supplies-books
brochure holders	whiteboards-signs
chair mats	office-furniture
chair storage pockets	classroom-event-furniture
charging cradles	cables-power
classroom charts	classroom-event-furniture
construction paper	office-supplies-books
cork boards	whiteboards-signs
desk chairs	office-furniture
desk organizers	office-furniture
desk shells	office-furniture
drafting stools	office-furniture
drum units	toner-ink
dry erase markers	whiteboards-signs
dust covers	industrial-equipment
easels	whiteboards-signs
file cabinets	office-furniture
file carts	office-furniture
floor marking tape	industrial-equipment
graphing calculators	office-supplies-books
hand carts	industrial-equipment
hole punches	office-supplies-books
homeschool curriculum	office-supplies-books
industrial tape	bulk-packing-supplies
janitor carts	industrial-equipment
label dividers	office-supplies-books
label rewinders	printers-scanners
laminating film	office-supplies-books
laminator refills	office-supplies-books
legal pads	office-supplies-books
literature organizers	office-furniture
magnetic boards	whiteboards-signs
magnetic sheets	whiteboards-signs
mail carts	office-furniture
minute books	office-supplies-books
padfolios	office-supplies-books
paper rolls	office-supplies-books
pencils	office-supplies-books
phone accessories	phones-accessories
phone lockers	office-furniture
pinboards	whiteboards-signs
poster boards	office-supplies-books
printer stands	printers-scanners
project boards	whiteboards-signs
recycling bins	trash-recycling-bins
recycling stations	trash-recycling-bins
rolling carts	office-furniture
rolling stools	office-furniture
shipping supplies	bulk-packing-supplies
sidewalk signs	whiteboards-signs
sign stands	whiteboards-signs
toner	toner-ink
typewriters	printers-scanners
disposable cups	bulk-packing-supplies
food containers	bulk-packing-supplies
cup dispensers	bulk-packing-supplies
drinking straws	bulk-packing-supplies
kraft paper	bulk-packing-supplies
airbrush kits	tool-accessories-fasteners
backdrop stands	holiday-party-decor
band sealers	bulk-packing-supplies
barber mats	industrial-equipment
batteries	cables-power
candle making supplies	toys-games
candle wax	toys-games
cocktail napkins	bulk-packing-supplies
commercial shelving	tools-ladders
cremation urns	decor-accents
food heat lamps	commercial-kitchen
gift sets	decor-accents
hazmat placards	industrial-equipment
kiosk stands	industrial-equipment
mat roll holders	industrial-equipment
napkins	bulk-packing-supplies
other	small-kitchen-appliances
paint booths	industrial-equipment
photo booths	holiday-party-decor
restroom dispensers	bulk-packing-supplies
rope	toys-games
sanitary shovels	industrial-equipment
signal lights	shop-commercial-lighting
steam table pans	commercial-kitchen
strapping	bulk-packing-supplies
takeout containers	bulk-packing-supplies
tray lids	bulk-packing-supplies
welding supplies	tool-accessories-fasteners
patio umbrellas	patio-umbrellas-shade
pool filters	pool
patio cushions	patio-furniture-grills
paddle boards	water-sports
canopy tents	patio-umbrellas-shade
artificial hedges	artificial-plants
patio chairs	patio-furniture-grills
pond pumps	lawn-garden-tools
cornhole sets	toys-games
path lights	outdoor-lighting
pool covers	pool
robotic pool cleaners	pool
towable tubes	pool
boat accessories	boat-marine
boat covers	boat-marine
patio heaters	patio-furniture-grills
planters	planters-garden-decor
pool floats	pool
pool pumps	pool
raised garden beds	planters-garden-decor
beach wagons	camping-gear
bird feeders	planters-garden-decor
boat ladders	boat-marine
boat propellers	boat-marine
camping chairs	camping-gear
camping tents	camping-gear
garden statues	planters-garden-decor
ice fishing tents	camping-gear
landscape lights	outdoor-lighting
lawn sweepers	lawn-garden-tools
marine switches	boat-marine
picnic baskets	camping-gear
pool games	pool
pop-up gazebos	patio-umbrellas-shade
snow sleds	ski-snowboard-gear
solar lanterns	outdoor-lighting
spotting scopes	hunting-fishing-optics
wood chippers	lawn-garden-tools
adirondack chairs	patio-furniture-grills
bbq tool sets	patio-furniture-grills
beach chairs	camping-gear
bench cushions	patio-furniture-grills
bimini tops	boat-marine
bird launchers	hunting-fishing-optics
boat flooring	boat-marine
boat racks	boat-marine
boat seats	boat-marine
boat shades	boat-marine
boat showers	boat-marine
boat tops	boat-marine
boat vents	boat-marine
bullet casting	hunting-fishing-optics
camp chairs	camping-gear
camping shower tents	camping-gear
camping tables	camping-gear
chaise lounges	patio-furniture-grills
cooler backpacks	camping-gear
cooler tables	patio-furniture-grills
deck boxes	patio-furniture-grills
deck lights	outdoor-lighting
deck tiles	flooring-wall-panels
dock accessories	boat-marine
door awnings	patio-umbrellas-shade
earth augers	lawn-garden-tools
faux hedges	artificial-plants
fence posts	lawn-garden-tools
fencing supplies	lawn-garden-tools
fire pits	patio-furniture-grills
fishing rods	hunting-fishing-optics
flagpoles	planters-garden-decor
flags	planters-garden-decor
folding wagons	camping-gear
furniture covers	patio-furniture-grills
garden fountains	planters-garden-decor
garden nets	golf
golf cart covers	auto-parts
grill brushes	patio-furniture-grills
grill carts	patio-furniture-grills
hammocks	patio-furniture-grills
hiking backpacks	backpacks-bags
holiday decorations	holiday-party-decor
hot tub accessories	pool
hunting flashlights	hunting-fishing-optics
hunting vests	hunting-fishing-optics
ice chests	camping-gear
inflatable decor	holiday-party-decor
inflatable kayaks	water-sports
inflatable pools	pool
irrigation parts	lawn-garden-tools
kayak paddles	water-sports
lawn mowers	lawn-garden-tools
leaf vacuums	lawn-garden-tools
lounge cushions	patio-furniture-grills
mailbox posts	planters-garden-decor
marine lights	boat-marine
night vision	hunting-fishing-optics
outdoor kitchen doors	patio-furniture-grills
outdoor kitchen drawers	patio-furniture-grills
patio barstools	patio-furniture-grills
patio coolers	patio-furniture-grills
patio covers	patio-furniture-grills
patio shades	patio-umbrellas-shade
patio side tables	patio-furniture-grills
patio tables	patio-furniture-grills
planter boxes	planters-garden-decor
plant pots	planters-garden-decor
pond netting	lawn-garden-tools
pool accessories	pool
pool chlorinators	pool
pool cleaners	pool
pool fence gates	pool
pool fences	pool
pool ladders	pool
pool lights	pool
pool liners	pool
pool pads	pool
pool parts	pool
pool pump motors	pool
pool valves	pool
pop-up tents	camping-gear
pressure washer hoses	lawn-garden-tools
railing planters	planters-garden-decor
replacement wheels	lawn-garden-tools
rod holders	hunting-fishing-optics
roller shades	patio-umbrellas-shade
shade sails	patio-umbrellas-shade
snow blowers	lawn-garden-tools
snow shovels	lawn-garden-tools
solar lights	outdoor-lighting
spa heaters	pool
sprayer pumps	lawn-garden-tools
sprinkler controllers	lawn-garden-tools
stadium seats	camping-gear
string trimmers	lawn-garden-tools
sun shades	patio-umbrellas-shade
tactical backpacks	backpacks-bags
tents	camping-gear
trail cameras	hunting-fishing-optics
trailer guides	boat-marine
trailer parts	boat-marine
transfer switches	electrical-ventilation
water pumps	plumbing-parts-pumps
water walkways	pool
weed pullers	lawn-garden-tools
well lights	outdoor-lighting
wire connectors	electrical-ventilation
wire fencing	lawn-garden-tools
yard waste bags	bulk-packing-supplies
dog beds	pet-beds-furniture
pet stairs	pet-beds-furniture
dog crates	pet-beds-furniture
pet carriers	pet-gear-carriers
pet strollers	pet-gear-carriers
aquarium pumps	aquarium-supplies
ball launchers	pet-gear-carriers
cat trees	pet-beds-furniture
pet ramps	pet-beds-furniture
aquarium chillers	aquarium-supplies
aquarium filters	aquarium-supplies
aquarium lights	aquarium-supplies
aquarium treatments	aquarium-supplies
automatic cat feeders	pet-beds-furniture
cat scratchers	pet-beds-furniture
dog collars	pet-gear-carriers
dog fences	pet-gear-carriers
dog houses	pet-beds-furniture
dog muzzles	pet-gear-carriers
gps dog fences	pet-gear-carriers
horse fly sheets	hunting-fishing-optics
pet beds	pet-beds-furniture
pet blankets	pet-beds-furniture
pet doors	pet-gear-carriers
pet gps collars	pet-gear-carriers
rabbit hutches	pet-beds-furniture
smart locks	smart-home-security
digital cameras	cameras-lenses
camera lenses	cameras-lenses
docking stations	docking-stations
office headsets	headsets-conferencing
motherboards	pc-components-storage
cordless phones	phones-accessories
power supplies	pc-components-storage
cpu coolers	pc-components-storage
laptops	laptops-tablets
wireless headsets	headsets-conferencing
camera filters	cameras-lenses
dslr cameras	cameras-lenses
ethernet cable	cables-power
graphics cards	pc-components-storage
hard cases	cameras-lenses
hdmi cables	cables-power
instant cameras	cameras-lenses
monitor mounts	monitors-keyboards
phone cases	phones-accessories
security cameras	smart-home-security
smartphones	phones-accessories
smart rings	wearables-gadgets
smartwatches	wearables-gadgets
ssds	pc-components-storage
tablet keyboards	phones-accessories
wifi routers	networking
access points	networking
camera mounts	cameras-lenses
expansion cards	pc-components-storage
fiber cables	cables-power
fiber patch cables	cables-power
hdmi extenders	cables-power
laptop bags	backpacks-bags
memory cards	pc-components-storage
mesh wifi	networking
mini pcs	laptops-tablets
monitors	monitors-keyboards
outlet strips	cables-power
smart thermostats	smart-home-security
tablet cases	phones-accessories
tablets	laptops-tablets
telescopes	hunting-fishing-optics
3d printer parts	wearables-gadgets
3d printers	wearables-gadgets
amplified phones	phones-accessories
ar glasses	wearables-gadgets
bluetooth headsets	headsets-conferencing
bulk earbuds	headphones-earbuds
camcorders	cameras-lenses
camera bags	cameras-lenses
camera modules	cameras-lenses
capture devices	cables-power
carrier radios	networking
charging carts	cables-power
charging docks	phones-accessories
conference cameras	headsets-conferencing
conference systems	headsets-conferencing
conferencing systems	headsets-conferencing
cord covers	cables-power
cpus	pc-components-storage
digital binoculars	hunting-fishing-optics
digital microscopes	wearables-gadgets
drawing tablets	monitors-keyboards
ethernet cables	cables-power
external hard drives	pc-components-storage
fiber cleaners	cables-power
gaming monitors	gaming-gear
handheld printers	wearables-gadgets
industrial mini pcs	laptops-tablets
industrial switches	networking
inspection cameras	tools-ladders
ipad keyboard cases	phones-accessories
keyboard mouse combos	monitors-keyboards
kvm switches	docking-stations
laptop parts	pc-components-storage
lens filters	cameras-lenses
lithium batteries	cables-power
marine map cards	boat-marine
mesh wifi systems	networking
mobile hotspots	networking
mobile routers	networking
modem routers	networking
motorcycle headsets	motorcycle-gear
network adapters	cables-power
network cards	pc-components-storage
network sensors	networking
network switches	networking
pc fans	pc-components-storage
phone filters	phones-accessories
photo printers	printers-scanners
portable monitors	monitors-keyboards
power distribution units	cables-power
radio batteries	cables-power
replacement remotes	wearables-gadgets
satellite switches	networking
screen replacements	pc-components-storage
server chassis	pc-components-storage
server rails	pc-components-storage
signal boosters	networking
smart glasses	wearables-gadgets
speaker cables	speakers-home-audio
speakerphones	headsets-conferencing
tablet stands	phones-accessories
touch frames	monitors-keyboards
tripod adapters	cameras-lenses
two-way radios	wearables-gadgets
ups battery backups	cables-power
usb headsets	headsets-conferencing
video conferencing	headsets-conferencing
video doorbells	smart-home-security
video intercoms	smart-home-security
video switchers	cables-power
voice recorders	wearables-gadgets
vpn firewalls	networking
wifi access points	networking
wireless chargers	phones-accessories
wireless display receivers	cables-power
wireless mice	monitors-keyboards
kids bikes	ride-ons-kids-bikes
baby monitors	baby-gear-kids-furniture
ride-on toys	ride-ons-kids-bikes
action figures	collectibles-trading-cards
changing tables	baby-gear-kids-furniture
rc parts	toys-games
anime figures	collectibles-trading-cards
collectible figures	collectibles-trading-cards
kids beds	baby-gear-kids-furniture
kids chairs	baby-gear-kids-furniture
party games	toys-games
play kitchens	toys-games
baby food makers	baby-gear-kids-furniture
changing stations	baby-gear-kids-furniture
chess computers	toys-games
climbing toys	toys-games
commercial high chairs	commercial-kitchen
costumes	toys-games
easter eggs	holiday-party-decor
football sets	team-sports-gear
hoverboards	bikes-scooters
inflatable tunnels	toys-games
kids bedding	baby-gear-kids-furniture
kids shoes	sneakers-running-shoes
kids sofas	baby-gear-kids-furniture
lap desks	baby-gear-kids-furniture
loft beds	baby-gear-kids-furniture
model trains	toys-games
nap mats	baby-gear-kids-furniture
nursery gliders	baby-gear-kids-furniture
playhouses	toys-games
play yards	baby-gear-kids-furniture
ride-on luggage	ride-ons-kids-bikes
ride-on suitcases	ride-ons-kids-bikes
sensory tables	baby-gear-kids-furniture
toy trucks	collectibles-trading-cards
trading card boxes	collectibles-trading-cards
trading card games	collectibles-trading-cards
trading cards	collectibles-trading-cards
water slides	pool
carry-on luggage	luggage
luggage sets	luggage
laptop backpacks	backpacks-bags
checked luggage	luggage
duffel bags	luggage
travel backpacks	backpacks-bags
