speakers-home-audio	speakers & home audio	audio-tv	front	bluetooth speakers, soundbars and turntables are broad-appeal gifts and upgrades	24
projectors-tv-accessories	projectors & tv accessories	audio-tv	front	home-cinema projectors are a fun, aspirational browse	13
headphones-earbuds	headphones & earbuds	audio-tv	front	top deal category; almost everyone uses headphones	11
auto-parts	auto parts	auto	hidden	vehicle-specific replacement and performance parts; buyers search by fitment	1269
seat-covers-floor-mats	seat covers & floor mats	auto	aisle	practical car interior upgrades, often model-specific	67
exterior-truck-accessories	exterior & truck accessories	auto	aisle	truck, jeep and towing add-ons for enthusiasts	60
car-electronics-tools	car electronics & tools	auto	aisle	stereos, carplay, dash cams and inflators; useful to drivers, not a general browse	37
bike-roof-racks	bike & roof racks	auto	aisle	distinct intent (carrying bikes, kayaks, cargo); practical	21
motorcycle-gear	motorcycle gear	auto	aisle	rider-only; helmets and apparel depend on fit	16
saunas-wellness	saunas & wellness	beauty-health	aisle	home saunas and therapy devices; niche wellness	8
mobility-aids	mobility aids	beauty-health	aisle	medical need, not a browse	7
hair-beauty-tools	hair & beauty tools	beauty-health	front	stylers, flat irons and fragrance are classic deal finds	6
bathroom-faucets-showers	bathroom faucets & showers	diy	aisle	renovation fixtures (faucets, shower heads, trim kits, tub fillers)	307
kitchen-faucets	kitchen faucets	diy	aisle	renovation fixture; strong brands but practical	89
bath-accessories	bath accessories	diy	aisle	towel bars, warmers, grab bars and shower seats; practical	60
plumbing-parts-pumps	plumbing parts & pumps	diy	hidden	drains, valves, fittings and sump pumps are parts	58
door-cabinet-hardware	door & cabinet hardware	diy	hidden	knobs, pulls, hinges and closers are hardware	53
industrial-equipment	industrial equipment	diy	hidden	industrial parts, valves, safety gear	50
electrical-ventilation	electrical & ventilation	diy	hidden	boxes, breakers, vents and hvac grilles are parts	47
kitchen-sinks	kitchen sinks	diy	aisle	renovation fixture	41
tool-accessories-fasteners	tool accessories & fasteners	diy	hidden	blades, abrasives, bits and fasteners are consumables and hardware	37
tools-ladders	tools & ladders	diy	aisle	hand and power tools for DIYers	37
millwork-trim	millwork & trim	diy	hidden	corbels, beams and moulding are building materials	33
shop-commercial-lighting	shop & commercial lighting	diy	hidden	high bays, panels, exit signs; commercial	30
bathroom-sinks-vanities	bathroom sinks & vanities	diy	aisle	renovation fixtures incl. bathtubs and shower doors	28
flooring-wall-panels	flooring, tile & wall panels	diy	aisle	renovation materials with some visual appeal (tile, slat panels, wallpaper)	27
shutters-doors	shutters & doors	diy	hidden	exterior shutters and door slabs are building materials	19
dresses	dresses	fashion	aisle	large shelf, but every item depends on size	129
sneakers-running-shoes	sneakers & running shoes	fashion	aisle	size-dependent; incl. walking and comfort shoes	84
boots	boots	fashion	aisle	size-dependent; incl. work and hiking boots	60
dress-shoes-heels	dress shoes & heels	fashion	aisle	size-dependent	50
sandals-flats	sandals & flats	fashion	aisle	size-dependent; incl. slippers	42
evening-formal-dresses	evening & formal dresses	fashion	aisle	distinct occasion intent; size-dependent	40
jackets-coats	jackets & coats	fashion	aisle	size-dependent	33
jeans	jeans	fashion	aisle	distinct intent; size-dependent	28
tops-sweaters	tops & sweaters	fashion	aisle	size-dependent	21
sport-shoes	sport shoes	fashion	aisle	size-dependent; cleats, golf, court and dance shoes	19
watches	watches	fashion	front	premium watches at half price are a headline deal	17
pants-shorts	pants & shorts	fashion	aisle	size-dependent	15
handbags-sunglasses	handbags & sunglasses	fashion	front	designer bags and sunglasses, no sizing, giftable	11
workwear	workwear	fashion	aisle	size-dependent work clothing	8
jewelry	jewelry	fashion	front	necklaces, bracelets, earrings: giftable, no sizing	7
suits-blazers	suits & blazers	fashion	aisle	size-dependent	6
rings	rings	fashion	aisle	ring size required	4
home-gym-equipment	home gym equipment	fitness-sports	front	treadmills, weights and benches are popular big-ticket deals	25
ski-snowboard-gear	ski & snowboard gear	fitness-sports	aisle	enthusiast; boots and apparel depend on size	23
baseball-softball	baseball & softball	fitness-sports	aisle	players only	19
skates	skates	fitness-sports	aisle	size-dependent	18
golf	golf	fitness-sports	aisle	golfers only: clubs, bags, practice nets	17
team-sports-gear	team sports gear	fitness-sports	aisle	pads, goals and equipment for players and coaches	11
pickleball-tennis	pickleball & tennis	fitness-sports	aisle	players only	7
bikes-scooters	bikes & scooters	fitness-sports	aisle	e-scooters and hoverboards plus cycling accessories; small shelf	6
gaming-gear	gaming gear	gaming	front	mice, keyboards, headsets, racing wheels, gaming monitors and desks	16
heating-cooling	heating & cooling	home-appliances	aisle	portable ACs, fans, heaters, electric fireplaces; seasonal need	25
filters-appliance-parts	filters & appliance parts	home-appliances	hidden	replacement filters, batteries and vacuum parts	19
robot-vacuums	robot vacuums	home-appliances	front	flagship deal category	13
vacuums-mops	vacuums & mops	home-appliances	front	stick, wet-dry and canister vacuums; everyone cleans	11
air-purifiers-humidifiers	air purifiers & humidifiers	home-appliances	aisle	useful but need-driven	9
range-hoods	range hoods	home-appliances	aisle	kitchen renovation appliance	9
laundry	laundry	home-appliances	aisle	washers, steamers, washer-dryer toppers; practical	6
chandeliers-pendants	chandeliers & pendants	home-decor	aisle	installed lighting fixtures, renovation-driven	119
wall-vanity-lights	wall & vanity lights	home-decor	aisle	installed fixtures (vanity bars, sconces)	88
wall-art	wall art	home-decor	front	visual, impulse-friendly decor	77
rugs	rugs	home-decor	front	area and runner rugs from strong brands; very visual	55
ceiling-fans	ceiling fans	home-decor	aisle	installed fixture; practical	53
outdoor-lighting	outdoor lighting	home-decor	aisle	outdoor wall, post, path and landscape lights; installed	53
mirrors	mirrors	home-decor	front	wall, floor and bathroom mirrors; visual decor	46
ceiling-lights	ceiling lights	home-decor	aisle	flush mounts, recessed and track lighting; installed	41
bedding	bedding	home-decor	front	comforter sets and sheets; everyone sleeps	37
lamps	lamps	home-decor	front	table and floor lamps plus light strips; plug-in decor anyone can buy	35
bar-counter-stools	bar & counter stools	home-decor	aisle	need-driven furniture	30
coffee-side-tables	coffee & side tables	home-decor	front	easy decor upgrade, visual	28
storage-shelving	storage & shelving	home-decor	aisle	cabinets, shelves, carts; practical	26
decor-accents	decor accents	home-decor	front	figurines, clocks, diffusers, frames; giftable	25
sofas-accent-chairs	sofas & accent chairs	home-decor	front	statement furniture at half price	25
dining-chairs-tables	dining chairs & tables	home-decor	aisle	need-driven furniture	24
beds-mattresses	beds, mattresses & nightstands	home-decor	aisle	bedroom furniture; considered purchase	22
holiday-party-decor	holiday & party decor	home-decor	aisle	seasonal and event-driven	17
artificial-plants	artificial plants	home-decor	aisle	faux plants and hedge panels; niche	16
curtains-blinds	curtains & blinds	home-decor	aisle	window-size dependent, practical	14
commercial-kitchen	commercial kitchen & catering	kitchen	hidden	restaurant and catering equipment	35
cookware-knives	cookware & knives	kitchen	front	premium pans, dutch ovens and knives; giftable	29
dinnerware-table-linens	dinnerware & table linens	kitchen	aisle	dinnerware, glassware, flatware, tablecloths	28
espresso-coffee-makers	espresso & coffee makers	kitchen	front	flagship deal category	23
small-kitchen-appliances	small kitchen appliances	kitchen	front	blenders, juicers, rice cookers, slushie machines	18
ice-makers-mini-fridges	ice makers & mini fridges	kitchen	front	nugget ice makers are a standout deal	16
trash-recycling-bins	trash & recycling bins	kitchen	aisle	practical	12
air-fryers-ovens	air fryers & toaster ovens	kitchen	front	hugely popular countertop appliances	11
musical-instruments	musical instruments	music	aisle	guitars, drums, band instruments; players only	23
pro-audio-dj	pro audio, dj & stage	music	aisle	recording, PA and stage lighting; enthusiast	20
toner-ink	toner, ink & printer parts	office-school	hidden	consumables and parts	65
office-supplies-books	office supplies & books	office-school	aisle	pens, calculators, organizers, books	27
office-furniture	office furniture	office-school	aisle	desks and office chairs; practical	25
classroom-event-furniture	classroom & event furniture	office-school	hidden	institutional and banquet furniture	21
whiteboards-signs	whiteboards & signs	office-school	aisle	boards, easels, displays; practical	17
printers-scanners	printers & scanners	office-school	aisle	practical	16
bulk-packing-supplies	bulk & packing supplies	other	hidden	disposables by the case, tape, strapping	32
pool	pool supplies & floats	outdoors	aisle	pool owners only: filters, cleaners, covers, floats	52
patio-furniture-grills	patio furniture & grills	outdoors	front	seating, cushions, fire pits and grills; seasonal favourite	39
patio-umbrellas-shade	patio umbrellas & shade	outdoors	aisle	umbrellas, canopies, shade sails; practical	31
lawn-garden-tools	lawn & garden tools	outdoors	aisle	mowers, blowers, irrigation, fencing; practical	27
boat-marine	boat & marine	outdoors	aisle	boat owners only	26
camping-gear	camping gear	outdoors	front	tents, chairs, coolers, beach wagons; fun browse	22
water-sports	paddle boards & water sports	outdoors	aisle	paddle boards, kayaks, diving gear; enthusiast	19
hunting-fishing-optics	hunting, fishing & optics	outdoors	aisle	enthusiast gear incl. binoculars, telescopes, riding	18
planters-garden-decor	planters & garden decor	outdoors	aisle	gardeners; planters, bird feeders, statues	17
pet-beds-furniture	pet beds & furniture	pets	front	beds, crates, stairs, cat trees; broad pet-owner appeal	21
pet-gear-carriers	pet gear & carriers	pets	aisle	carriers, strollers, fences, collars; practical	14
aquarium-supplies	aquarium supplies	pets	aisle	fishkeepers only	6
cameras-lenses	cameras & lenses	tech	front	cameras and lenses at half price are headline deals	36
pc-components-storage	pc components & storage	tech	aisle	builders: gpus, cpus, ssds, memory cards	33
cables-power	cables, adapters & power	tech	hidden	cables, fiber, batteries, power strips; commodity parts	30
phones-accessories	phones & accessories	tech	front	phones, cases, chargers; universal	23
headsets-conferencing	headsets & conferencing	tech	aisle	office headsets and video bars; work-only	22
smart-home-security	smart home & security devices	tech	front	smart locks, doorbells, thermostats; popular upgrades	21
networking	routers & networking	tech	aisle	mesh wifi and switches; practical	19
wearables-gadgets	wearables & gadgets	tech	front	smartwatches, smart glasses, 3d printers, radios	15
monitors-keyboards	monitors & keyboards	tech	aisle	monitors, mounts, mice, drawing tablets; desk setup	10
docking-stations	docking stations & kvms	tech	aisle	work-from-home practical	9
laptops-tablets	laptops & tablets	tech	front	flagship tech deals	9
baby-gear-kids-furniture	baby gear & kids furniture	toys-kids	aisle	life-stage need: monitors, changing tables, kids beds	21
toys-games	toys & games	toys-kids	front	toys, games, hobbies; broad gifting appeal	20
ride-ons-kids-bikes	ride-ons & kids bikes	toys-kids	front	big-ticket kids gifts	12
collectibles-trading-cards	collectibles & trading cards	toys-kids	front	figures and card boxes; collectors love deals	11
backpacks-bags	backpacks & laptop bags	travel	front	everyday carry, broad appeal	9
luggage	luggage	travel	front	flagship deal category	8
